country.iso,country.name,num_u,num_contrib,gini,pr_total,particip_lower,particip_upper,var,pr_questions,pr_answers,pr_comments,pr_editions,IDV,GNI,Internet,English,WVS
GTM,Guatemala,215,8112,0.9481227925,0.6651162791,0.5996220965,0.7248136863,0.1251915897,0.4465116279,0.5162790698,0.1720930233,0.05581395349,6,3140,12.3,45.77,-0.17
ECU,Ecuador,278,3316,0.8717163784,0.6474820144,0.5896592875,0.7012844237,0.1116251362,0.4460431655,0.4496402878,0.1618705036,0.03956834532,8,5200,31.4,51.05,NA
PAN,Panama,116,658,0.7940467456,0.6637931034,0.5738006684,0.7432849243,0.169484256,0.5086206897,0.474137931,0.1465517241,0.01724137931,11,9850,42.7,43.7,NA
VEN,"Venezuela, Bolivarian Republic of",686,10788,0.8606574522,0.6545189504,0.6181629114,0.6891540775,0.07099116608,0.5160349854,0.4533527697,0.1967930029,0.07871720117,12,12500,NA,46.12,0.43
COL,Colombia,1224,17713,0.8753215762,0.658496732,0.6314714768,0.6845302328,0.053058756,0.4967320261,0.4779411765,0.1715686275,0.05964052288,13,6990,40.4,48.54,0.6
PAK,Pakistan,4809,138247,0.8837840086,0.7107506758,0.6977715633,0.7233933592,0.02562179594,0.6080266168,0.4743189852,0.2135579122,0.101268455,14,1260,9,NA,1.25
IDN,Indonesia,3585,35597,0.9045038624,0.5433751743,0.5270319446,0.5596255474,0.03259360278,0.4214783821,0.3210599721,0.1107391911,0.0359832636,14,3420,12.3,52.74,-0.8
CRI,Costa Rica,431,9848,0.9065630531,0.6658932715,0.6200704842,0.7087850035,0.08871451929,0.4895591647,0.4872389791,0.2018561485,0.05800464037,15,8740,42.1,48.53,NA
GHA,Ghana,208,1567,0.9012352118,0.5384615385,0.4706293457,0.6048988351,0.1342694895,0.3894230769,0.3461538462,0.08653846154,0.03365384615,15,1550,14.1,NA,-0.29
PER,Peru,534,42535,0.955489883,0.6404494382,0.5988789901,0.6800136047,0.08113461458,0.468164794,0.4775280899,0.2284644195,0.0936329588,16,5880,36,51.46,0.03
TTO,Trinidad and Tobago,67,9950,0.9509367734,0.6567164179,0.5373266459,0.7591099373,0.2217832914,0.5373134328,0.4776119403,0.2089552239,0.1044776119,16,14400,55.2,NA,-0.26
TWN,"Taiwan, Province of China",1386,15864,0.8874668994,0.5606060606,0.5343451685,0.5865319279,0.05218675948,0.3968253968,0.3975468975,0.1572871573,0.04473304473,17,NA,NA,52.56,-1.18
KOR,"Korea, Republic of",1784,24887,0.9294452405,0.533632287,0.5104355948,0.5566844506,0.04624885578,0.4069506726,0.3195067265,0.1065022422,0.04147982063,18,22670,83.8,53.62,-1.37
SLV,El Salvador,133,2511,0.878600324,0.6315789474,0.546979659,0.70879078,0.1618111211,0.4962406015,0.4736842105,0.1353383459,0.05263157895,19,3580,18.9,43.46,0.53
CHN,China,13401,145338,0.9252125121,0.5117528543,0.5032875981,0.5202113743,0.0169237762,0.3631072308,0.3557197224,0.107827774,0.02977389747,20,5680,38.3,50.15,-1.16
BGD,Bangladesh,2558,60043,0.9175719806,0.6004691165,0.5813511348,0.6192857931,0.03793465835,0.4757623143,0.3928850665,0.1598905395,0.08053166536,20,840,5,NA,-0.93
VNM,Viet Nam,2319,33684,0.9173031916,0.5588615783,0.5385720677,0.5789564011,0.04038433334,0.4213022855,0.3704182837,0.1285036654,0.03751617076,20,1400,35.1,51.57,-0.26
SGP,Singapore,2279,113193,0.911850886,0.7340939008,0.7155718601,0.7518280971,0.03625623701,0.6007020623,0.5212812637,0.2759982448,0.1013602457,20,47210,71,59.58,NA
THA,Thailand,1152,21466,0.9049324287,0.5555555556,0.5267238288,0.5840180027,0.05729417391,0.4105902778,0.3888888889,0.1701388889,0.05815972222,20,5210,23.7,47.79,0.01
ETH,Ethiopia,129,1088,0.8792749658,0.496124031,0.4112126879,0.5812595417,0.1700468538,0.4108527132,0.3333333333,0.1007751938,0.06201550388,20,410,1.1,NA,-0.36
SLE,Sierra Leone,4,20,0.675,0.5,0.1500389892,0.8499610108,0.6999220217,0.5,0.5,0.25,0,20,580,0.9,NA,NA
CHL,Chile,1075,26163,0.9140231234,0.6641860465,0.6354138997,0.6917889503,0.05637505062,0.4846511628,0.4837209302,0.2102325581,0.07627906977,23,14280,52.3,48.75,0
EGY,Egypt,1965,39057,0.8900817172,0.6508905852,0.6295380419,0.6716543153,0.04211627343,0.5185750636,0.4432569975,0.186259542,0.07430025445,25,3000,95,42.13,-0.54
SRB,Serbia,1294,36444,0.8832679623,0.6901081917,0.6643797656,0.7147112218,0.0503314562,0.5239567233,0.5193199382,0.2472952087,0.08346213292,25,5280,42.2,NA,-0.62
HKG,Hong Kong,970,50795,0.9262603572,0.693814433,0.6640918485,0.7220079592,0.0579161107,0.5412371134,0.5092783505,0.2670103093,0.09381443299,25,36560,72.2,52.5,-0.98
ARE,United Arab Emirates,773,26559,0.922047021,0.6610608021,0.6269686895,0.6935600325,0.06659134297,0.5394566624,0.4501940492,0.2069857697,0.08408796895,25,35770,78,51.8,NA
MAR,Morocco,547,11597,0.8977972775,0.6252285192,0.5839219398,0.664788461,0.08086652122,0.4972577697,0.4442413163,0.1663619744,0.07129798903,25,2950,53,42.43,-1.04
SAU,Saudi Arabia,459,10737,0.9181668342,0.6187363834,0.5734915409,0.6620102663,0.08851872537,0.4989106754,0.4030501089,0.1568627451,0.06318082789,25,21210,47.5,39.48,0.15
KWT,Kuwait,168,9133,0.9508434875,0.7202380952,0.648019892,0.7826095993,0.1345897073,0.5952380952,0.4107142857,0.1845238095,0.07738095238,25,44100,74.2,41.8,NA
TZA,"Tanzania, United Republic of",93,719,0.8660774373,0.5376344086,0.4368293043,0.6354537869,0.1986244826,0.4623655914,0.3225806452,0.09677419355,0.04301075269,25,570,12,NA,-0.15
MYS,Malaysia,1554,30707,0.8820924377,0.6634491634,0.6395779218,0.6865143112,0.04693638938,0.5624195624,0.4054054054,0.1879021879,0.07335907336,26,9800,61,59.73,0.09
PRT,Portugal,2851,73884,0.8763921949,0.7271132936,0.7104649362,0.7431504462,0.03268550997,0.5762890214,0.5257804279,0.2483339179,0.1062784988,27,20580,57.8,56.83,0.49
SVN,Slovenia,692,36649,0.8820824784,0.7846820809,0.752529292,0.8136916409,0.06116234886,0.6286127168,0.612716763,0.3338150289,0.1112716763,27,22810,69,60.6,0.36
ROU,Romania,3570,154688,0.8884553739,0.7414565826,0.7268401335,0.7555539569,0.0287138234,0.5784313725,0.5641456583,0.2899159664,0.1134453782,30,8150,44,58.63,-1.55
MEX,Mexico,2973,55106,0.9000639797,0.6363942146,0.6189371095,0.6534993004,0.03456219092,0.454086781,0.4735956946,0.1829801547,0.06390850992,30,9600,35,49.83,1.03
BGR,Bulgaria,1463,98845,0.9282588331,0.7142857143,0.6905992822,0.7368497759,0.04625049377,0.5140123035,0.5680109364,0.2863978127,0.1148325359,30,6870,51,NA,-1.01
NGA,Nigeria,705,8015,0.8743124372,0.6368794326,0.6007278829,0.6715473877,0.07081950475,0.4780141844,0.4170212766,0.1234042553,0.04539007092,30,1430,28.4,NA,0.28
IRQ,Iraq,145,619,0.8317085399,0.5172413793,0.4365169335,0.5970758574,0.160558924,0.4344827586,0.2965517241,0.06896551724,0.04827586207,30,5870,5,38.02,-1.68
PHL,Philippines,2860,88396,0.9055742405,0.6776223776,0.6602645853,0.6945036568,0.0342390714,0.5741258741,0.4325174825,0.198951049,0.07797202797,32,2470,29,NA,-0.11
HRV,Croatia,1069,62338,0.9210118614,0.7165575304,0.6888036177,0.7427606141,0.05395699639,0.536950421,0.5453695042,0.285313377,0.1085126286,33,13290,59.6,NA,0.31
GRC,Greece,2068,93122,0.9132747677,0.6972920696,0.6771400224,0.7167125074,0.03957248499,0.5502901354,0.5120889749,0.252901354,0.1063829787,35,23260,53,NA,0.55
ZMB,Zambia,47,875,0.9523647416,0.4893617021,0.3527555503,0.6275754625,0.2748199122,0.4468085106,0.2127659574,0.02127659574,0.02127659574,35,1350,11.5,NA,-0.62
URY,Uruguay,569,11397,0.8415170458,0.7065026362,0.6678023472,0.7424333234,0.07463097618,0.5184534271,0.5676625659,0.2618629174,0.1019332162,36,13510,51.4,49.61,0.99
TUR,Turkey,4506,108674,0.8900743801,0.6426986241,0.6285907083,0.65656344,0.02797273169,0.5053262317,0.4675987572,0.218153573,0.08810474922,37,10830,43.1,47.8,-0.33
BRA,Brazil,10717,211485,0.8956712832,0.6458897079,0.6367844992,0.6548903671,0.01810586789,0.4658019968,0.4826910516,0.2038816833,0.08351217692,38,11630,45,49.96,0.81
RUS,Russian Federation,10705,311941,0.8986201919,0.6751985054,0.6662658857,0.6840054312,0.01773954555,0.485941149,0.5177020084,0.2407286315,https://docs.google.com/spreadsheets/d/1qL3VVuC1unDlKVzQjGMll-v8IW4eROj1GLt_BFEjdnw/edit#gid=670992132,39,12700,49,50.44,-1.42
JAM,Jamaica,109,2363,0.9157384292,0.6422018349,0.5487844359,0.7259372871,0.1771528512,0.5412844037,0.3944954128,0.1376146789,0.06422018349,39,5140,37.5,69.24,NA
LBN,Lebanon,401,14636,0.8562762266,0.7705735661,0.7269681693,0.8090441271,0.08207595781,0.6658354115,0.5511221945,0.2967581047,0.1197007481,40,9190,52,NA,NA
IRN,"Iran, Islamic Republic of",3158,82287,0.8835457947,0.6722609246,0.6556892518,0.6884140229,0.03272477107,0.5576314123,0.4699176694,0.2096263458,0.1117796073,41,NA,100,41.83,-0.45
ARG,Argentina,2798,88843,0.8991987955,0.7126518942,0.6956018462,0.7291188303,0.03351698414,0.5210864904,0.5357398142,0.2533952823,0.09256611866,46,NA,51,59.02,0.38
JPN,Japan,2692,80179,0.9245936428,0.6073551263,0.5887674026,0.6256368971,0.03686949447,0.4283060921,0.4487369985,0.1924219911,0.08618127786,46,47870,79.1,52.88,-0.05
SUR,Suriname,9,32,0.6527777778,0.7777777778,0.4525889691,0.9367748929,0.4841859238,0.5555555556,0.4444444444,0.1111111111,0,47,8480,32,NA,NA
IND,India,70970,2019057,0.8928154339,0.6938706496,0.6904694298,0.6972508828,0.006781452966,0.5814428632,0.4558264055,0.2022967451,0.09474425814,48,1530,10.1,53.54,-0.21
ESP,Spain,7349,210840,0.8997738714,0.6829500612,0.6722180388,0.6934909208,0.02127288207,0.5033337869,0.5263301129,0.2345897401,0.09280174173,51,30110,67.6,57.18,0.54
SVK,Slovakia,861,53971,0.9128954292,0.7479674797,0.7179083692,0.7758237428,0.05791537354,0.5795586527,0.5702671312,0.3159117305,0.1335656214,52,17180,74.4,55.96,-0.43
ISR,Israel,2963,251348,0.8668887947,0.82720216,0.8131676135,0.8403893854,0.02722177187,0.6905163685,0.6736415795,0.4168072899, ,54,28380,68.9,NA,0.36
AUT,Austria,2518,137698,0.8861867375,0.7819698173,0.7654191243,0.797661475,0.03224235078,0.5933280381,0.631056394,0.3502779984,0.149324861,55,48160,79.8,63.21,1.43
CZE,Czech Republic,2703,132956,0.9050914755,0.7336293008,0.7166412208,0.749954263,0.03331304219,0.5427302997,0.5749167592,0.2996670366,0.1176470588,58,18130,73,57.42,0.38
MLT,Malta,255,20058,0.9253791456,0.8196078431,0.7677821905,0.8619469137,0.09416472322,0.7254901961,0.568627451,0.3058823529,0.1098039216,59,19760,69.2,66.48,-0.03
POL,Poland,6069,236258,0.8727962903,0.7477343879,0.7366532319,0.7585021283,0.02184889641,0.5671445049,0.5832921404,0.3112539133,0.1263799638,60,12660,64.9,64.26,-0.14
LTU,Lithuania,850,28572,0.8623447884,0.7611764706,0.7313789678,0.7886238915,0.05724492365,0.5694117647,0.6011764706,0.2976470588,0.1270588235,60,13920,65.1,NA,-1
EST,Estonia,621,42083,0.9044192745,0.7713365539,0.7366968039,0.8026400074,0.06594320349,0.5813204509,0.5958132045,0.3220611916,0.1417069243,60,15830,76.5,61.39,-1.19
LUX,Luxembourg,180,8366,0.895945228,0.6777777778,0.6064074761,0.741718569,0.1353110929,0.5111111111,0.5333333333,0.2722222222,0.1277777778,60,76960,90.9,NA,1.13
FIN,Finland,2046,101551,0.9005315196,0.7072336266,0.6871430802,0.72654745,0.03940436979,0.4892473118,0.5850439883,0.3142717498,0.1295210166,63,46940,89.4,64.4,1.12
ZAF,South Africa,3728,128510,0.8983110648,0.7336373391,0.7192119378,0.7475817401,0.02836980235,0.5869098712,0.5268240343,0.2432939914,0.1091738197,65,7610,34,NA,-0.1
DEU,Germany,18374,1271572,0.9045283381,0.7799063895,0.77385761,0.7858381532,0.01198054319,0.5976379667,0.6164144987,0.3435833243,0.1609883531,67,44010,83,60.89,0.44
CHE,Switzerland,3623,280795,0.9079628212,0.7849848192,0.7713090222,0.7980569188,0.02674789655,0.6028153464,0.6351090257,0.359922716,0.1686447695,68,82730,85.2,58.29,1.9
NOR,Norway,3128,164488,0.8958615332,0.7707800512,0.755723092,0.7851727427,0.0294496507,0.5882352941,0.5997442455,0.341112532,0.1246803069,69,98860,94,64.33,2.17
IRL,Ireland,2884,131275,0.8949275972,0.7680305132,0.7522753283,0.78307262,0.03079729167,0.6126907074,0.556518724,0.2850208044,0.1203190014,70,38970,76.8,69.47,1.18
LVA,Latvia,673,29678,0.8860826862,0.7325408618,0.6978485294,0.7645935919,0.06674506248,0.5572065379,0.5690936107,0.3209509658,0.1084695394,70,14200,71.7,59.43,-1.27
FRA,France,11450,527367,0.901141949,0.7550218341,0.7470596531,0.7628129535,0.01575330037,0.5503056769,0.5910043668,0.2928384279,0.1315283843,71,41750,79.6,52.69,1.13
SWE,Sweden,6980,377744,0.8977460357,0.7689111748,0.758875975,0.7786505457,0.01977457067,0.5938395415,0.6012893983,0.3345272206,0.1389684814,71,56210,94,67.8,2.35
DNK,Denmark,4029,208612,0.9146371395,0.7666914867,0.7533817454,0.7794931573,0.02611141183,0.6212459667,0.5567138248,0.2894018367,0.115909655,74,59770,90,69.3,1.87
BEL,Belgium,4275,202069,0.8777071465,0.781754386,0.7691224882,0.7938803768,0.02475788861,0.6088888889,0.6081871345,0.3202339181,0.1466666667,75,44990,78,61.21,1.13
ITA,Italy,6822,258852,0.8964299999,0.7453825858,0.7349087285,0.7555802493,0.02067152082,0.5891234242,0.5291703313,0.2554969217,0.1058340663,76,33840,56.8,52.8,0.6
NZL,New Zealand,2883,200532,0.9035872661,0.7943114811,0.7791699085,0.8086697855,0.02949987699,0.6264308012,0.6181061394,0.3489420742,0.1560874089,79,30620,86,69.3,1.86
CAN,Canada,17591,918104,0.8936250614,0.7700528679,0.7637759293,0.776211886,0.01243595675,0.5987720994,0.6015007674,0.3284065715,0.1347279859,80,50970,83,65.4,1.91
NLD,Netherlands,9298,595301,0.9080652474,0.7865132287,0.7780668043,0.7947230055,0.01665620121,0.5953968595,0.6167993117,0.3280275328,0.149709615,80,48250,92.3,68.99,1.39
HUN,Hungary,1842,74398,0.8913375749,0.713897937,0.6928307909,0.7340747791,0.04124398819,0.5086862106,0.5602605863,0.2920738328,0.1167209555,80,12370,70,58.55,-1.22
GBR,United Kingdom,35304,2661678,0.9090930281,0.7899388171,0.7856581999,0.7941563442,0.008498144322,0.6314581917,0.6037842737,0.3348629051,0.1514276003,89,38250,86.8,69.2,1.68
AUS,Australia,12313,729859,0.8989257395,0.7777958256,0.7703667928,0.7850515767,0.0146847839,0.589783156,0.6133354991,0.3339559815,0.1469991066,90,59570,79.5,69,1.75
USA,United States,130197,7396591,0.903667888,0.7563615137,0.7540222045,0.7586856954,0.004663490899,0.5775785924,0.5888845365,0.3199996928,0.132261112,91,50120,77.9,68.1,1.76
UKR,Ukraine,5530,163159,0.8837821208,0.6936708861,0.6813904742,0.7056824147,0.02429194044,0.5054249548,0.5415913201,0.264556962,0.09132007233,NA,3500,28.7,48.5,-0.83
LKA,Sri Lanka,1877,53537,0.8668126283,0.7426744806,0.722416001,0.7619416761,0.03952567508,0.6142781034,0.5332978157,0.2338838572,0.1070857752,NA,2920,15,46.37,NA
BLR,Belarus,1580,56880,0.891180856,0.6810126582,0.6576155272,0.7035317308,0.04591620367,0.4810126582,0.5525316456,0.264556962,0.1006329114,NA,6530,39.6,NA,NA
NPL,Nepal,1074,33095,0.8999439006,0.6741154562,0.6455066084,0.7014831989,0.0559765905,0.5800744879,0.4655493482,0.2216014898,0.104283054,NA,700,9,NA,NA
KEN,Kenya,679,7134,0.8536378924,0.6200294551,0.5829422532,0.6557661583,0.07282390509,0.4860088365,0.4197349043,0.1443298969,0.058910162,NA,850,28,NA,NA
TUN,Tunisia,634,9465,0.8662228932,0.643533123,0.6054891272,0.679848236,0.07435910873,0.5331230284,0.4132492114,0.1545741325,0.07570977918,NA,4150,39.1,NA,NA
JOR,Jordan,550,12028,0.8574293316,0.6981818182,0.6585518132,0.7350626346,0.07651082137,0.5672727273,0.5072727273,0.2236363636,0.08545454545,NA,4720,34.9,47.82,-1.05
DOM,Dominican Republic,359,7380,0.8748148651,0.651810585,0.6011587137,0.6992479718,0.09808925802,0.4456824513,0.5292479109,0.208913649,0.09192200557,NA,5470,38.6,53.66,0.33
ISL,Iceland,336,8565,0.8599119478,0.744047619,0.6948100489,0.7877679172,0.09295786833,0.5625,0.5654761905,0.2827380952,0.09226190476,NA,38710,95,NA,1.63
ARM,Armenia,324,16462,0.9016005436,0.7067901235,0.6550298094,0.7537043405,0.09867453112,0.6080246914,0.4969135802,0.2685185185,0.1265432099,NA,3720,32,NA,NA
MKD,"Macedonia, the former Yugoslav Republic of",315,8550,0.8797653393,0.7238095238,0.6719620959,0.7702639575,0.0983018616,0.619047619,0.473015873,0.2317460317,0.08571428571,NA,4700,91,NA,-0.72
KAZ,Kazakhstan,311,4495,0.8648222927,0.6688102894,0.614723134,0.7187780523,0.1040549183,0.5305466238,0.4437299035,0.1672025723,0.05466237942,NA,9750,50.6,42.97,NA
BIH,Bosnia and Herzegovina,291,10398,0.8749277055,0.7079037801,0.6532200227,0.7571700238,0.1039500011,0.5463917526,0.5395189003,0.2577319588,0.1030927835,NA,4650,60,NA,NA
DZA,Algeria,288,5573,0.8810740525,0.6423611111,0.5854649552,0.6955095175,0.1100445623,0.5069444444,0.4444444444,0.1944444444,0.08680555556,NA,4110,14,38.51,NA
MDA,"Moldova, Republic of",276,10647,0.8917287036,0.6992753623,0.6427422624,0.7503374495,0.1075951871,0.5471014493,0.5217391304,0.268115942,0.1014492754,NA,2250,38,NA,-1.28
KHM,Cambodia,246,7680,0.9398151677,0.5894308943,0.527040966,0.6490707179,0.1220297519,0.5203252033,0.3048780488,0.1544715447,0.05691056911,NA,880,3.1,38.25,NA
MMR,Myanmar,238,4358,0.8757081538,0.6134453782,0.5502441172,0.6730426602,0.122798543,0.5420168067,0.3949579832,0.1680672269,0.07142857143,NA,NA,1,NA,NA
SYR,Syrian Arab Republic,237,7011,0.8829055246,0.6751054852,0.6130987008,0.7315263501,0.1184276492,0.5780590717,0.4261603376,0.2278481013,0.1139240506,NA,2610,22.5,NA,NA
PRI,Puerto Rico,206,1992,0.8339523141,0.6990291262,0.6332186628,0.7575525435,0.1243338807,0.5631067961,0.4126213592,0.1504854369,0.04854368932,NA,18000,48,NA,1.12
UGA,Uganda,193,2024,0.8718333367,0.5699481865,0.4994075887,0.6377586372,0.1383510485,0.4870466321,0.3367875648,0.1295336788,0.0310880829,NA,440,13,NA,-0.5
BOL,"Bolivia, Plurinational State of",187,3617,0.8985494819,0.7165775401,0.6481313813,0.7763046951,0.1281733138,0.5401069519,0.5026737968,0.1604278075,0.05882352941,NA,2220,30,NA,NA
AZE,Azerbaijan,184,3572,0.8858147914,0.6032608696,0.5311560317,0.6711422269,0.1399861952,0.4945652174,0.3967391304,0.2173913043,0.07608695652,NA,6030,50,NA,NA
CYP,Cyprus,177,8919,0.9092073482,0.7175141243,0.6471147396,0.7786725799,0.1315578402,0.5480225989,0.5423728814,0.2146892655,0.1016949153,NA,26000,57.7,NA,0.13
GEO,Georgia,167,7261,0.8368290275,0.7305389222,0.6586229342,0.7920873356,0.1334644013,0.5868263473,0.5628742515,0.3353293413,0.119760479,NA,3280,36.6,NA,-1.31
PRY,Paraguay,154,5091,0.916252771,0.6298701299,0.5513179678,0.702100876,0.1507829082,0.5,0.4220779221,0.2077922078,0.08441558442,NA,3290,23.9,NA,NA
UZB,Uzbekistan,149,3456,0.8411710788,0.6711409396,0.5922355116,0.7414435856,0.149208074,0.5167785235,0.4697986577,0.255033557,0.1073825503,NA,1720,30.2,NA,NA
ALB,Albania,142,4775,0.9084271071,0.6197183099,0.5377143282,0.6954155395,0.1577012113,0.485915493,0.4507042254,0.2112676056,0.07042253521,NA,4090,49,NA,-1.14
CUB,Cuba,140,7270,0.8945922578,0.7357142857,0.6570842796,0.8017542259,0.1446699463,0.6285714286,0.5071428571,0.2571428571,0.1642857143,NA,NA,23.2,NA,NA
PSE,"Palestine, State of",136,3399,0.8954774761,0.6470588235,0.5637110471,0.7223271588,0.1586161117,0.5367647059,0.4264705882,0.1764705882,0.06617647059,NA,NA,41.1,NA,NA
MNG,Mongolia,127,865,0.8085931455,0.5826771654,0.4957210098,0.6647785764,0.1690575666,0.5039370079,0.3385826772,0.1417322835,0.02362204724,NA,3160,12.5,NA,NA
MUS,Mauritius,114,6411,0.9426958052,0.6842105263,0.5940657059,0.7623453605,0.1682796546,0.5438596491,0.4298245614,0.1842105263,0.0701754386,NA,8570,35,NA,NA
BHR,Bahrain,100,2427,0.8587268232,0.74,0.6462901055,0.8159530154,0.1696629098,0.64,0.49,0.22,0.12,NA,14820,77,NA,NA
KGZ,Kyrgyzstan,97,3163,0.8213199657,0.8144329897,0.7256389658,0.8792709662,0.1536320004,0.6082474227,0.6597938144,0.3711340206,0.1237113402,NA,990,20,NA,-0.91
NIC,Nicaragua,97,2385,0.875903953,0.6597938144,0.5610358669,0.7463773772,0.1853415103,0.4329896907,0.5257731959,0.1958762887,0.07216494845,NA,1650,10.6,NA,NA
ZWE,Zimbabwe,90,604,0.880647535,0.5333333333,0.4310218745,0.6329157504,0.2018938759,0.4111111111,0.3111111111,0.07777777778,0.03333333333,NA,680,15.7,NA,NA
AFG,Afghanistan,89,1668,0.8880580929,0.6516853933,0.5482931797,0.7425251718,0.1942319921,0.6179775281,0.3483146067,0.1235955056,0.08988764045,NA,570,5,NA,NA
QAT,Qatar,87,3141,0.9347634365,0.6551724138,0.5506477303,0.7465733883,0.195925658,0.5287356322,0.4367816092,0.1494252874,0.06896551724,NA,76010,86.2,47.81,NA
HND,Honduras,85,1591,0.8803933893,0.6823529412,0.577338198,0.7715979902,0.1942597922,0.5176470588,0.4705882353,0.1764705882,0.05882352941,NA,2070,15.9,NA,NA
CMR,Cameroon,61,336,0.8567525371,0.5409836066,0.4172404813,0.6598706771,0.2426301958,0.4098360656,0.4426229508,0.06557377049,0.03278688525,NA,1170,5,NA,NA
SDN,Sudan,61,388,0.8675004225,0.5901639344,0.4649979227,0.7046466257,0.239648703,0.3606557377,0.3442622951,0.1147540984,0.04918032787,NA,1450,19,NA,NA
OMN,Oman,59,569,0.8512704418,0.6610169492,0.5337247057,0.7686234631,0.2348987575,0.6101694915,0.2711864407,0.08474576271,0.01694915254,NA,19110,48,NA,NA
YEM,Yemen,56,639,0.8311256427,0.6071428571,0.476334028,0.7241958427,0.2478618147,0.5178571429,0.3214285714,0.1428571429,0.08928571429,NA,1270,53,NA,NA
MDG,Madagascar,55,1414,0.9371222837,0.6,0.4681279921,0.7188150277,0.2506870356,0.4363636364,0.4,0.1454545455,0.07272727273,NA,430,1.9,NA,NA
MDV,Maldives,52,957,0.858833695,0.6153846154,0.4795987372,0.7352953622,0.255696625,0.5384615385,0.3653846154,0.1923076923,0.07692307692,NA,5750,34,NA,NA
SEN,Senegal,51,1068,0.9368436513,0.4509803922,0.3226751855,0.5861529145,0.263477729,0.3137254902,0.3137254902,0.1568627451,0.05882352941,NA,1040,17.5,NA,NA
MNE,Montenegro,51,1877,0.8821544601,0.7254901961,0.5905334924,0.8288572477,0.2383237553,0.568627451,0.5294117647,0.1764705882,0.09803921569,NA,6940,40,NA,-1.24
NAM,Namibia,48,542,0.8347939729,0.5625,0.4227501742,0.6929873096,0.2702371354,0.4583333333,0.375,0.2291666667,0.0625,NA,5640,12,NA,NA
BWA,Botswana,45,182,0.7367521368,0.6666666667,0.5207048831,0.7864112507,0.2657063676,0.4888888889,0.3555555556,0.08888888889,0.04444444444,NA,7430,8,NA,NA
LBY,Libya,40,324,0.7945987654,0.575,0.4219506854,0.7149060744,0.292955389,0.55,0.3,0.05,0.025,NA,NA,14,38.19,NA
REU,Reunion,35,316,0.7439421338,0.6571428571,0.4915194951,0.7916830501,0.300163555,0.4,0.5714285714,0.2285714286,0.05714285714,NA,NA,NA,NA,NA
FJI,Fiji,33,698,0.8063731875,0.6666666667,0.4960789443,0.8024977232,0.3064187789,0.5757575758,0.4545454545,0.1515151515,0.1515151515,NA,4200,28,NA,NA
MOZ,Mozambique,32,267,0.8952481273,0.5,0.3363088287,0.6636911713,0.3273823426,0.4375,0.25,0.09375,0.03125,NA,510,4.3,NA,NA
JEY,Jersey,26,499,0.8380607369,0.8461538462,0.6646880067,0.9384996628,0.273811656,0.6538461538,0.5384615385,0.1923076923,0.1153846154,NA,NA,NA,NA,NA
IMN,Isle of Man,25,867,0.7375317186,0.84,0.6534637839,0.9359654854,0.2825017015,0.72,0.68,0.44,0.12,NA,NA,NA,NA,NA
PNG,Papua New Guinea,24,101,0.8873762376,0.375,0.2115936756,0.5729003756,0.3613067,0.2083333333,0.25,0.125,0,NA,1790,2,NA,NA
BLZ,Belize,24,117,0.8016381766,0.5416666667,0.3507486536,0.7210866627,0.3703380091,0.4166666667,0.375,0.125,0,NA,4180,18.7,NA,NA
CYM,Cayman Islands,24,809,0.8941594561,0.6666666667,0.4670631684,0.8202780967,0.3532149283,0.5,0.5,0.25,0.04166666667,NA,NA,69.5,NA,NA
MAC,Macao,23,117,0.7840951319,0.6086956522,0.4078552239,0.7784237721,0.3705685482,0.347826087,0.5217391304,0.1739130435,0,NA,55720,NA,NA,NA
RWA,Rwanda,22,98,0.8283858998,0.4545454545,0.2692029418,0.6534020468,0.384199105,0.3181818182,0.3181818182,0.1818181818,0.04545454545,NA,560,7,NA,-0.62
BRB,Barbados,22,105,0.7831168831,0.5,0.3072210627,0.6927789373,0.3855578745,0.4090909091,0.3636363636,0.1818181818,0,NA,NA,71.8,NA,NA
ATA,Antarctica,22,1532,0.8593045336,0.6818181818,0.4731859774,0.8363940682,0.3632080908,0.5454545455,0.5909090909,0.3636363636,0.1363636364,NA,NA,NA,NA,NA
BMU,Bermuda,22,888,0.8407043407,0.8181818182,0.6148339256,0.9269311542,0.3120972285,0.6363636364,0.5909090909,0.3636363636,0.1363636364,NA,106920,88.3,NA,NA
AGO,Angola,21,52,0.695970696,0.5714285714,0.3654655437,0.7553003107,0.3898347671,0.3333333333,0.4285714286,0.1428571429,0,NA,4580,14.8,NA,NA
CIV,Cote d'Ivoire,21,244,0.8965651835,0.5714285714,0.3654655437,0.7553003107,0.3898347671,0.380952381,0.380952381,0.09523809524,0.04761904762,NA,1220,2.2,NA,NA
GIB,Gibraltar,21,2821,0.9157509158,0.5714285714,0.3654655437,0.7553003107,0.3898347671,0.4761904762,0.4285714286,0.2857142857,0.1428571429,NA,NA,NA,NA,NA
SLB,Solomon Islands,19,287,0.6964973409,0.8421052632,0.6243452473,0.9447952836,0.3204500363,0.6842105263,0.7368421053,0.2631578947,0.1052631579,NA,1130,6,NA,NA
CUW,Curacao,18,605,0.827456382,0.7222222222,0.4912734344,0.8750024662,0.3837290318,0.5,0.3888888889,0.1666666667,0.05555555556,NA,NA,NA,NA,NA
TJK,Tajikistan,17,287,0.8141012503,0.5882352941,0.3600544264,0.7838894321,0.4238350057,0.5294117647,0.4117647059,0.2352941176,0,NA,860,13,NA,NA
BRN,Brunei Darussalam,16,443,0.9030756208,0.5625,0.331785564,0.7690134759,0.437227912,0.4375,0.4375,0.0625,0.0625,NA,NA,56,NA,NA
FRO,Faroe Islands,16,211,0.8166469194,0.625,0.3864104055,0.8151876744,0.428777269,0.625,0.3125,0.1875,0.1875,NA,NA,80.7,NA,NA
MWI,Malawi,15,38,0.7789473684,0.6,0.3574683012,0.8017550386,0.4442867374,0.4666666667,0.2,0.1333333333,0,NA,320,3.3,NA,NA
TKM,Turkmenistan,15,256,0.7880208333,0.6,0.3574683012,0.8017550386,0.4442867374,0.6,0.4,0.2666666667,0.2666666667,NA,5550,5,NA,NA
HTI,Haiti,15,176,0.8560606061,0.6666666667,0.4171354774,0.8482367556,0.4311012782,0.6,0.4,0.1333333333,0.06666666667,NA,760,9.5,NA,NA
BHS,Bahamas,15,263,0.752851711,0.7333333333,0.4804956594,0.8910254667,0.4105298073,0.6666666667,0.6,0.2,0.06666666667,NA,21280,100,NA,NA
BFA,Burkina Faso,14,89,0.8001605136,0.5,0.2679920245,0.7320079755,0.464015951,0.2857142857,0.4285714286,0.1428571429,0,NA,670,3,NA,NA
LSO,Lesotho,14,25,0.6828571429,0.5714285714,0.3259064458,0.786192011,0.4602855652,0.5714285714,0.2142857143,0,0.07142857143,NA,1380,4.2,NA,NA
BEN,Benin,14,99,0.8593073593,0.5714285714,0.3259064458,0.786192011,0.4602855652,0.3571428571,0.2857142857,0.1428571429,0,NA,750,3.5,NA,NA
LAO,Lao People's Democratic Republic,14,448,0.8303571429,0.6428571429,0.387644231,0.8365526825,0.4489084514,0.5,0.3571428571,0.2142857143,0.2142857143,NA,1260,9,NA,NA
BTN,Bhutan,13,187,0.8811188811,0.6153846154,0.3552289151,0.822902922,0.4676740069,0.5384615385,0.3076923077,0.07692307692,0,NA,2420,21,NA,NA
COD,"Congo, the Democratic Republic of the",13,419,0.8085184505,0.8461538462,0.5776536898,0.9567418216,0.3790881318,0.5384615385,0.5384615385,0.3076923077,0.2307692308,NA,220,NA,NA,NA
FSM,"Micronesia, Federated States of",13,1253,0.8697894284,0.8461538462,0.5776536898,0.9567418216,0.3790881318,0.8461538462,0.4615384615,0.2307692308,0.1538461538,NA,3310,55,NA,NA
MLI,Mali,12,126,0.7248677249,0.8333333333,0.5519691377,0.9530348578,0.4010657201,0.6666666667,0.4166666667,0.08333333333,0.08333333333,NA,660,2,NA,-0.08
GGY,Guernsey,12,788,0.7969543147,0.999,0.7559940858,0.9999968955,0.2440028097,0.6666666667,0.8333333333,0.4166666667,0.3333333333,NA,NA,NA,NA,NA
NCL,New Caledonia,11,168,0.6071428571,0.7272727273,0.4343546988,0.9025394071,0.4681847083,0.4545454545,0.7272727273,0.3636363636,0,NA,NA,50,NA,NA
GUY,Guyana,11,72,0.696969697,0.7272727273,0.4343546988,0.9025394071,0.4681847083,0.6363636364,0.4545454545,0.1818181818,0.09090909091,NA,3410,32,NA,NA
GLP,Guadeloupe,10,98,0.7897959184,0.6,0.3126737697,0.8318196703,0.5191459006,0.6,0.5,0.2,0.1,NA,NA,NA,NA,NA
SOM,Somalia,10,304,0.8460526316,0.7,0.3967781475,0.8922087326,0.4954305851,0.4,0.5,0.2,0.1,NA,NA,1.3,NA,NA
GRL,Greenland,10,82,0.643902439,0.8,0.4901624715,0.9433178485,0.453155377,0.5,0.7,0.4,0.1,NA,NA,64,NA,NA
MCO,Monaco,10,144,0.6388888889,0.9,0.5958499732,0.9821237869,0.3862738137,0.8,0.4,0.3,0.2,NA,NA,80.3,NA,NA
SMR,San Marino,10,8181,0.8925681457,0.9,0.5958499732,0.9821237869,0.3862738137,0.7,0.6,0.4,0.2,NA,NA,49.6,NA,NA
PYF,French Polynesia,9,1163,0.8739849049,0.5555555556,0.2666512935,0.8112214789,0.5445701854,0.4444444444,0.3333333333,0.2222222222,0.1111111111,NA,NA,49,NA,NA
DJI,Djibouti,9,10253,0.8260563304,0.6666666667,0.3542021356,0.8794161816,0.525214046,0.6666666667,0.5555555556,0.3333333333,0.3333333333,NA,NA,7,NA,NA
LIE,Liechtenstein,9,47,0.5910165485,0.7777777778,0.4525889691,0.9367748929,0.4841859238,0.5555555556,0.6666666667,0.1111111111,0,NA,NA,85,NA,NA
MRT,Mauritania,9,147,0.6001511716,0.7777777778,0.4525889691,0.9367748929,0.4841859238,0.5555555556,0.5555555556,0.2222222222,0.2222222222,NA,1110,4.5,NA,NA
AND,Andorra,9,65,0.6222222222,0.7777777778,0.4525889691,0.9367748929,0.4841859238,0.3333333333,0.6666666667,0.1111111111,0,NA,NA,81,NA,NA
GUM,Guam,8,10,0.475,0.75,0.4092754303,0.9285207872,0.5192453569,0.375,0.375,0,0,NA,NA,57.7,NA,NA
PRK,"Korea, Democratic People's Republic of",8,126,0.6746031746,0.75,0.4092754303,0.9285207872,0.5192453569,0.5,0.625,0.25,0.125,NA,NA,NA,NA,NA
SWZ,Swaziland,8,29,0.4698275862,0.875,0.5291118178,0.9775825085,0.4484706908,0.875,0.5,0.125,0,NA,2860,18.1,NA,NA
ABW,Aruba,7,191,0.6178010471,0.7142857143,0.3589344518,0.917781076,0.5588466242,0.7142857143,0.5714285714,0.4285714286,0,NA,NA,69,NA,NA
VIR,"Virgin Islands, U.S.",7,157,0.7825295723,0.7142857143,0.3589344518,0.917781076,0.5588466242,0.7142857143,0.2857142857,0.2857142857,0,NA,NA,35.6,NA,NA
CPV,Cabo Verde,7,46,0.5776397516,0.8571428571,0.4868721707,0.9743203757,0.4874482049,0.5714285714,0.7142857143,0.2857142857,0,NA,3810,32,NA,NA
GAB,Gabon,6,6,0.7777777778,0.3333333333,0.09677141111,0.7000066849,0.6032352738,0.1666666667,0.3333333333,0,0,NA,10070,8,NA,NA
DMA,Dominica,6,7,0.6428571429,0.5,0.1876163065,0.8123836935,0.624767387,0.1666666667,0.3333333333,0,0,NA,6460,51.3,NA,NA
LCA,Saint Lucia,6,10,0.5,0.6666666667,0.2999933151,0.9032285889,0.6032352738,0.6666666667,0.1666666667,0,0,NA,6530,45,NA,NA
SYC,Seychelles,6,102,0.7156862745,0.999,0.6084479377,0.999998443,0.3915505052,1,0.5,0.1666666667,0,NA,11640,43.2,NA,NA
SXM,Sint Maarten (Dutch part),5,219,0.7945205479,0.6,0.2307242813,0.8823792258,0.6516549445,0.6,0.2,0.2,0,NA,NA,NA,NA,NA
ANT,Netherlands Antilles,5,12,0.4,0.8,0.3755346298,0.9637758914,0.5882412616,0.8,0.6,0,0,NA,NA,NA,NA,NA
LBR,Liberia,4,6,0.75,0.25,0.04558726081,0.6993581574,0.6537708966,0.25,0.25,0,0,NA,370,3,NA,NA
GUF,French Guiana,4,3,0.75,0.25,0.04558726081,0.6993581574,0.6537708966,0.25,0,0,0,NA,NA,NA,NA,NA
TGO,Togo,4,10,0.6,0.75,0.3006418426,0.9544127392,0.6537708966,0.25,0.75,0,0,NA,500,3.5,NA,NA
SJM,Svalbard and Jan Mayen,4,16,0.625,0.75,0.3006418426,0.9544127392,0.6537708966,0.75,0.25,0.25,0,NA,NA,NA,NA,NA
BDI,Burundi,4,44,0.6590909091,0.75,0.3006418426,0.9544127392,0.6537708966,0.75,0.75,0.25,0.25,NA,240,1.1,NA,NA
VUT,Vanuatu,4,44,0.4659090909,0.999,0.5090899843,0.9999989609,0.4909089766,0.75,0.75,0.25,0,NA,3080,9.2,NA,NA
SSD,South Sudan,3,1,0.6666666667,0.3333333333,0.06149194472,0.7923403992,0.7308484545,0.3333333333,0,0,0,NA,650,NA,NA,NA
KIR,Kiribati,3,21,0.6666666667,0.3333333333,0.06149194472,0.7923403992,0.7308484545,0.3333333333,0.3333333333,0.3333333333,0,NA,2260,10,NA,NA
TLS,Timor-Leste,3,1,0.6666666667,0.3333333333,0.06149194472,0.7923403992,0.7308484545,0.3333333333,0,0,0,NA,3670,0.9,NA,NA
TCA,Turks and Caicos Islands,3,78,0.6666666667,0.3333333333,0.06149194472,0.7923403992,0.7308484545,0,0.3333333333,0.3333333333,0.3333333333,NA,NA,NA,NA,NA
TON,Tonga,3,2,0.3333333333,0.6666666667,0.2076596008,0.9385080553,0.7308484545,0.6666666667,0,0,0,NA,4240,25,NA,NA
ATG,Antigua and Barbuda,3,12,0.3888888889,0.6666666667,0.2076596008,0.9385080553,0.7308484545,0.6666666667,0.3333333333,0.3333333333,0,NA,12640,82,NA,NA
GIN,Guinea,3,3,0.4444444444,0.6666666667,0.2076596008,0.9385080553,0.7308484545,0.3333333333,0.3333333333,0,0,NA,460,1.3,NA,NA
ASM,American Samoa,3,5,0.5333333333,0.6666666667,0.2076596008,0.9385080553,0.7308484545,0.6666666667,0.3333333333,0,0,NA,NA,NA,NA,NA
TUV,Tuvalu,3,33,0.6060606061,0.6666666667,0.2076596008,0.9385080553,0.7308484545,0.3333333333,0.6666666667,0.3333333333,0,NA,6070,30,NA,NA
GMB,Gambia,3,16,0.625,0.6666666667,0.2076596008,0.9385080553,0.7308484545,0.6666666667,0.3333333333,0,0,NA,510,68,NA,NA
ALA,Aland Islands,3,16,0.4583333333,0.999,0.437626742,0.9999992203,0.5623724782,0.6666666667,0.6666666667,0.3333333333,0,NA,NA,NA,NA,NA
MTQ,Martinique,3,14,0.4761904762,0.999,0.437626742,0.9999992203,0.5623724782,1,0.6666666667,0,0,NA,NA,NA,NA,NA
VCT,Saint Vincent and the Grenadines,2,6,0.5,0.5,0.09453120573,0.9054687943,0.8109375885,0.5,0.5,0.5,0,NA,6380,43,NA,NA
SHN,"Saint Helena, Ascension and Tristan da Cunha",2,2,0.5,0.5,0.09453120573,0.9054687943,0.8109375885,0.5,0,0,0,NA,NA,NA,NA,NA
ERI,Eritrea,2,4,0.25,0.999,0.3416959871,0.9999994799,0.6583034928,1,0,0,0,NA,450,0.7,NA,NA
COG,Congo,2,5,0.3,0.999,0.3416959871,0.9999994799,0.6583034928,0.5,0.5,0,0,NA,2550,18,NA,NA
COG,Congo,2,5,0.3,0.999,0.3416959871,0.9999994799,0.6583034928,0.5,0.5,0,0,NA,2550,31,NA,NA
WSM,Samoa,2,11,0.3181818182,0.999,0.3416959871,0.9999994799,0.6583034928,1,0.5,0.5,0,NA,3220,11,NA,NA
BVT,Bouvet Island,2,28,0.4642857143,0.999,0.3416959871,0.9999994799,0.6583034928,0.5,1,0.5,0.5,NA,NA,NA,NA,NA
GNB,Guinea-Bissau,1,1,0,0.999,0.2061364759,0.9999997398,0.7938632639,1,0,0,0,NA,550,2.7,NA,NA
TCD,Chad,1,4,0,0.999,0.2061364759,0.9999997398,0.7938632639,1,1,0,0,NA,740,1.9,NA,NA
COM,Comoros,1,1,0,0.999,0.2061364759,0.9999997398,0.7938632639,1,0,0,0,NA,840,5.5,NA,NA
MHL,Marshall Islands,1,2,0,0.999,0.2061364759,0.9999997398,0.7938632639,0,1,0,0,NA,4140,8.1,NA,NA
GNQ,Equatorial Guinea,1,2,0,0.999,0.2061364759,0.9999997398,0.7938632639,1,0,0,0,NA,13560,11.5,NA,NA
AIA,Anguilla,1,1,0,0.999,0.2061364759,0.9999997398,0.7938632639,1,0,0,0,NA,NA,NA,NA,NA
NFK,Norfolk Island,1,1,0,0.999,0.2061364759,0.9999997398,0.7938632639,0,1,0,0,NA,NA,NA,NA,NA
NIU,Niue,1,2,0,0.999,0.2061364759,0.9999997398,0.7938632639,1,0,0,0,NA,NA,NA,NA,NA
SGS,South Georgia and the South Sandwich Islands,1,5,0,0.999,0.2061364759,0.9999997398,0.7938632639,1,0,0,0,NA,NA,NA,NA,NA
TKL,Tokelau,1,91,0,0.999,0.2061364759,0.9999997398,0.7938632639,1,1,1,1,NA,NA,NA,NA,NA